"","date","avg_load"
"1",2005-01-01,3107.625
"2",2005-01-02,3068.29166666667
"3",2005-01-03,3061.29166666667
"4",2005-01-04,2565.70833333333
"5",2005-01-05,2495.70833333333
"6",2005-01-06,2734.91666666667
"7",2005-01-07,3179.66666666667
"8",2005-01-08,3360.70833333333
"9",2005-01-09,3763.95833333333
"10",2005-01-10,3559.20833333333
"11",2005-01-11,3405.66666666667
"12",2005-01-12,3157
"13",2005-01-13,2517.625
"14",2005-01-14,3211.75
"15",2005-01-15,4809.70833333333
"16",2005-01-16,4614.29166666667
"17",2005-01-17,6012
"18",2005-01-18,6657.29166666667
"19",2005-01-19,6632.70833333333
"20",2005-01-20,4971.91666666667
"21",2005-01-21,5493
"22",2005-01-22,6091.375
"23",2005-01-23,7114.625
"24",2005-01-24,6540.33333333333
"25",2005-01-25,4519.41666666667
"26",2005-01-26,3900.20833333333
"27",2005-01-27,4427
"28",2005-01-28,5896.08333333333
"29",2005-01-29,6352.70833333333
"30",2005-01-30,4892.33333333333
"31",2005-01-31,4760.95833333333
"32",2005-02-01,5161.41666666667
"33",2005-02-02,5136.41666666667
"34",2005-02-03,5056
"35",2005-02-04,4143.29166666667
"36",2005-02-05,4134.66666666667
"37",2005-02-06,4083.66666666667
"38",2005-02-07,3553
"39",2005-02-08,2946.45833333333
"40",2005-02-09,3099.29166666667
"41",2005-02-10,3925.375
"42",2005-02-11,4787.29166666667
"43",2005-02-12,4095.08333333333
"44",2005-02-13,3799.33333333333
"45",2005-02-14,3388.79166666667
"46",2005-02-15,3171.29166666667
"47",2005-02-16,2996.33333333333
"48",2005-02-17,3977.70833333333
"49",2005-02-18,4472.625
"50",2005-02-19,4600.875
"51",2005-02-20,4317.625
"52",2005-02-21,3622.70833333333
"53",2005-02-22,3038.08333333333
"54",2005-02-23,3255.625
"55",2005-02-24,4546.375
"56",2005-02-25,4295.625
"57",2005-02-26,4345
"58",2005-02-27,4563
"59",2005-02-28,5248.66666666667
"60",2005-03-01,4988.125
"61",2005-03-02,5011.625
"62",2005-03-03,4684.91666666667
"63",2005-03-04,4412.70833333333
"64",2005-03-05,3809.625
"65",2005-03-06,3809
"66",2005-03-07,3124.41666666667
"67",2005-03-08,3589.625
"68",2005-03-09,4332.25
"69",2005-03-10,4117.70833333333
"70",2005-03-11,3888.08333333333
"71",2005-03-12,3947.75
"72",2005-03-13,3303.25
"73",2005-03-14,3640.16666666667
"74",2005-03-15,3799.08333333333
"75",2005-03-16,4264.125
"76",2005-03-17,4860.375
"77",2005-03-18,3984.625
"78",2005-03-19,3703.33333333333
"79",2005-03-20,3175.04166666667
"80",2005-03-21,3092.75
"81",2005-03-22,3187
"82",2005-03-23,3044.875
"83",2005-03-24,2699.66666666667
"84",2005-03-25,3055.66666666667
"85",2005-03-26,3216.70833333333
"86",2005-03-27,3536.375
"87",2005-03-28,3141.58333333333
"88",2005-03-29,2631.66666666667
"89",2005-03-30,2611.33333333333
"90",2005-03-31,2474.66666666667
"91",2005-04-01,2573.08333333333
"92",2005-04-02,2909.08333333333
"93",2005-04-03,NA
"94",2005-04-04,2657
"95",2005-04-05,2510.70833333333
"96",2005-04-06,2393.75
"97",2005-04-07,2292.375
"98",2005-04-08,2275.70833333333
"99",2005-04-09,2445.58333333333
"100",2005-04-10,2670.33333333333
"101",2005-04-11,2472
"102",2005-04-12,2596.66666666667
"103",2005-04-13,3459.70833333333
"104",2005-04-14,3025.375
"105",2005-04-15,2652.45833333333
"106",2005-04-16,3155.70833333333
"107",2005-04-17,3099.04166666667
"108",2005-04-18,2584.25
"109",2005-04-19,2499.29166666667
"110",2005-04-20,2534.91666666667
"111",2005-04-21,2556.45833333333
"112",2005-04-22,2348.70833333333
"113",2005-04-23,2460.625
"114",2005-04-24,3500.95833333333
"115",2005-04-25,2902.29166666667
"116",2005-04-26,2660.70833333333
"117",2005-04-27,2488.04166666667
"118",2005-04-28,2690.95833333333
"119",2005-04-29,2479.20833333333
"120",2005-04-30,2513
"121",2005-05-01,2460.33333333333
"122",2005-05-02,2630.41666666667
"123",2005-05-03,2618.04166666667
"124",2005-05-04,2452.04166666667
"125",2005-05-05,2654.58333333333
"126",2005-05-06,2596.375
"127",2005-05-07,2780.08333333333
"128",2005-05-08,2619.04166666667
"129",2005-05-09,2608
"130",2005-05-10,2644.625
"131",2005-05-11,2884.58333333333
"132",2005-05-12,2798.33333333333
"133",2005-05-13,2287.79166666667
"134",2005-05-14,2675.70833333333
"135",2005-05-15,2581.70833333333
"136",2005-05-16,2473.75
"137",2005-05-17,2415.41666666667
"138",2005-05-18,2428.66666666667
"139",2005-05-19,2575.33333333333
"140",2005-05-20,2433.66666666667
"141",2005-05-21,2522.04166666667
"142",2005-05-22,2672.08333333333
"143",2005-05-23,2725.04166666667
"144",2005-05-24,2264.41666666667
"145",2005-05-25,2297.41666666667
"146",2005-05-26,2551.95833333333
"147",2005-05-27,2595.54166666667
"148",2005-05-28,2540.95833333333
"149",2005-05-29,2432.41666666667
"150",2005-05-30,2789.66666666667
"151",2005-05-31,2651
"152",2005-06-01,2315.625
"153",2005-06-02,2381.95833333333
"154",2005-06-03,2340.41666666667
"155",2005-06-04,2976
"156",2005-06-05,3698.04166666667
"157",2005-06-06,3872
"158",2005-06-07,3535.375
"159",2005-06-08,3579.25
"160",2005-06-09,3232.04166666667
"161",2005-06-10,3455.70833333333
"162",2005-06-11,3609.29166666667
"163",2005-06-12,3576.66666666667
"164",2005-06-13,3659.91666666667
"165",2005-06-14,4188.625
"166",2005-06-15,4066.625
"167",2005-06-16,3483.91666666667
"168",2005-06-17,3063.66666666667
"169",2005-06-18,3032.29166666667
"170",2005-06-19,3089.66666666667
"171",2005-06-20,2888.08333333333
"172",2005-06-21,2995.08333333333
"173",2005-06-22,3269.33333333333
"174",2005-06-23,3447
"175",2005-06-24,3541.33333333333
"176",2005-06-25,3617.375
"177",2005-06-26,3694.04166666667
"178",2005-06-27,3829.29166666667
"179",2005-06-28,3281.45833333333
"180",2005-06-29,3464.375
"181",2005-06-30,4124
"182",2005-07-01,4117.25
"183",2005-07-02,3935.375
"184",2005-07-03,3514.33333333333
"185",2005-07-04,3593.29166666667
"186",2005-07-05,3884.04166666667
"187",2005-07-06,4054.41666666667
"188",2005-07-07,2978.70833333333
"189",2005-07-08,3546.75
"190",2005-07-09,3935.66666666667
"191",2005-07-10,4219
"192",2005-07-11,3767.58333333333
"193",2005-07-12,4375.70833333333
"194",2005-07-13,3952.25
"195",2005-07-14,3470.66666666667
"196",2005-07-15,3693.95833333333
"197",2005-07-16,4223.20833333333
"198",2005-07-17,4582
"199",2005-07-18,4380.375
"200",2005-07-19,4504.29166666667
"201",2005-07-20,4619.04166666667
"202",2005-07-21,4483.29166666667
"203",2005-07-22,4421.29166666667
"204",2005-07-23,4525.04166666667
"205",2005-07-24,4260.91666666667
"206",2005-07-25,4879
"207",2005-07-26,5041.625
"208",2005-07-27,5196.08333333333
"209",2005-07-28,3888
"210",2005-07-29,2992.75
"211",2005-07-30,3644.04166666667
"212",2005-07-31,3433.25
"213",2005-08-01,3720.70833333333
"214",2005-08-02,4088.33333333333
"215",2005-08-03,4364.66666666667
"216",2005-08-04,4440
"217",2005-08-05,4444.04166666667
"218",2005-08-06,4261.66666666667
"219",2005-08-07,3751.375
"220",2005-08-08,3619.04166666667
"221",2005-08-09,3797.08333333333
"222",2005-08-10,3865.33333333333
"223",2005-08-11,4455.70833333333
"224",2005-08-12,4539.70833333333
"225",2005-08-13,4767.625
"226",2005-08-14,4805.70833333333
"227",2005-08-15,4497.625
"228",2005-08-16,4419.625
"229",2005-08-17,3687.58333333333
"230",2005-08-18,3201.29166666667
"231",2005-08-19,4062.33333333333
"232",2005-08-20,4501.58333333333
"233",2005-08-21,4811.66666666667
"234",2005-08-22,4075.08333333333
"235",2005-08-23,3287.33333333333
"236",2005-08-24,3617.70833333333
"237",2005-08-25,3480.04166666667
"238",2005-08-26,3252.04166666667
"239",2005-08-27,3525.58333333333
"240",2005-08-28,3818.29166666667
"241",2005-08-29,3558.70833333333
"242",2005-08-30,3936.04166666667
"243",2005-08-31,3998.33333333333
"244",2005-09-01,3556.625
"245",2005-09-02,3602.41666666667
"246",2005-09-03,3648.29166666667
"247",2005-09-04,3315.70833333333
"248",2005-09-05,3268.95833333333
"249",2005-09-06,2936.25
"250",2005-09-07,2887.5
"251",2005-09-08,2976.33333333333
"252",2005-09-09,2983.625
"253",2005-09-10,3282.625
"254",2005-09-11,3232
"255",2005-09-12,2978.33333333333
"256",2005-09-13,3216.375
"257",2005-09-14,3489.875
"258",2005-09-15,3789.33333333333
"259",2005-09-16,3459.79166666667
"260",2005-09-17,3653.95833333333
"261",2005-09-18,3734.625
"262",2005-09-19,3467.33333333333
"263",2005-09-20,3531.29166666667
"264",2005-09-21,3369.04166666667
"265",2005-09-22,3195.08333333333
"266",2005-09-23,3607.75
"267",2005-09-24,3070.25
"268",2005-09-25,3143.95833333333
"269",2005-09-26,2980.625
"270",2005-09-27,3073.75
"271",2005-09-28,2815.04166666667
"272",2005-09-29,2624.04166666667
"273",2005-09-30,2298
"274",2005-10-01,2727
"275",2005-10-02,2940.41666666667
"276",2005-10-03,2638.08333333333
"277",2005-10-04,2678.45833333333
"278",2005-10-05,2651.33333333333
"279",2005-10-06,2775
"280",2005-10-07,2751.625
"281",2005-10-08,2898.75
"282",2005-10-09,2689.95833333333
"283",2005-10-10,2464.33333333333
"284",2005-10-11,2431.375
"285",2005-10-12,2369.41666666667
"286",2005-10-13,2457.54166666667
"287",2005-10-14,2401.54166666667
"288",2005-10-15,2555.375
"289",2005-10-16,2528.41666666667
"290",2005-10-17,2458.70833333333
"291",2005-10-18,2483.625
"292",2005-10-19,2493.375
"293",2005-10-20,2687.41666666667
"294",2005-10-21,2301.33333333333
"295",2005-10-22,2509.79166666667
"296",2005-10-23,2797.91666666667
"297",2005-10-24,3225.29166666667
"298",2005-10-25,3492.375
"299",2005-10-26,3206.75
"300",2005-10-27,3481.04166666667
"301",2005-10-28,3085.625
"302",2005-10-29,3546.04166666667
"303",2005-10-30,3549.125
"304",2005-10-31,2979.58333333333
"305",2005-11-01,2870.54166666667
"306",2005-11-02,2717.04166666667
"307",2005-11-03,3140.08333333333
"308",2005-11-04,2735.66666666667
"309",2005-11-05,2670
"310",2005-11-06,2612.875
"311",2005-11-07,2473.95833333333
"312",2005-11-08,2635.58333333333
"313",2005-11-09,2422.04166666667
"314",2005-11-10,2537.29166666667
"315",2005-11-11,3559
"316",2005-11-12,3596.04166666667
"317",2005-11-13,3190.04166666667
"318",2005-11-14,2534.75
"319",2005-11-15,2366.70833333333
"320",2005-11-16,2411.95833333333
"321",2005-11-17,3698.625
"322",2005-11-18,4450.375
"323",2005-11-19,4506.29166666667
"324",2005-11-20,3540.95833333333
"325",2005-11-21,3385.95833333333
"326",2005-11-22,3875.70833333333
"327",2005-11-23,4707.25
"328",2005-11-24,3891.70833333333
"329",2005-11-25,4525.625
"330",2005-11-26,4766.95833333333
"331",2005-11-27,4733.70833333333
"332",2005-11-28,3391.29166666667
"333",2005-11-29,2545.375
"334",2005-11-30,3358.875
"335",2005-12-01,3873
"336",2005-12-02,4060.625
"337",2005-12-03,4547.625
"338",2005-12-04,3730.375
"339",2005-12-05,4588
"340",2005-12-06,4771.41666666667
"341",2005-12-07,5103.41666666667
"342",2005-12-08,5241.33333333333
"343",2005-12-09,4775.29166666667
"344",2005-12-10,5373.08333333333
"345",2005-12-11,5055.375
"346",2005-12-12,4329.66666666667
"347",2005-12-13,4973.08333333333
"348",2005-12-14,5773.91666666667
"349",2005-12-15,4970.58333333333
"350",2005-12-16,3616.66666666667
"351",2005-12-17,5183.33333333333
"352",2005-12-18,4630
"353",2005-12-19,4980.33333333333
"354",2005-12-20,5413.66666666667
"355",2005-12-21,5447.33333333333
"356",2005-12-22,5423.25
"357",2005-12-23,5094
"358",2005-12-24,4840.375
"359",2005-12-25,4384.33333333333
"360",2005-12-26,4438.33333333333
"361",2005-12-27,4552.375
"362",2005-12-28,4281.04166666667
"363",2005-12-29,3676.375
"364",2005-12-30,4144.41666666667
"365",2005-12-31,4154.45833333333
"366",2006-01-01,4034.29166666667
"367",2006-01-02,4337.375
"368",2006-01-03,3448.04166666667
"369",2006-01-04,3460.33333333333
"370",2006-01-05,3575.95833333333
"371",2006-01-06,4308.95833333333
"372",2006-01-07,5275.66666666667
"373",2006-01-08,4534.75
"374",2006-01-09,3169.625
"375",2006-01-10,3298.04166666667
"376",2006-01-11,3263.58333333333
"377",2006-01-12,3386.75
"378",2006-01-13,3475
"379",2006-01-14,4371.625
"380",2006-01-15,4604.25
"381",2006-01-16,4140.95833333333
"382",2006-01-17,3522.625
"383",2006-01-18,3665.625
"384",2006-01-19,4090
"385",2006-01-20,3478.875
"386",2006-01-21,3637
"387",2006-01-22,4269.625
"388",2006-01-23,4254.66666666667
"389",2006-01-24,3348.66666666667
"390",2006-01-25,4078.75
"391",2006-01-26,4589.375
"392",2006-01-27,4660.33333333333
"393",2006-01-28,4099
"394",2006-01-29,3575.41666666667
"395",2006-01-30,2963.66666666667
"396",2006-01-31,3618.70833333333
"397",2006-02-01,4367.375
"398",2006-02-02,3938.91666666667
"399",2006-02-03,3027.04166666667
"400",2006-02-04,3551.41666666667
"401",2006-02-05,4592
"402",2006-02-06,4695.29166666667
"403",2006-02-07,4109.29166666667
"404",2006-02-08,4685.41666666667
"405",2006-02-09,4597.125
"406",2006-02-10,4783
"407",2006-02-11,4886.58333333333
"408",2006-02-12,5009
"409",2006-02-13,5084.91666666667
"410",2006-02-14,4415.33333333333
"411",2006-02-15,3625.33333333333
"412",2006-02-16,3206
"413",2006-02-17,2744.79166666667
"414",2006-02-18,4521.625
"415",2006-02-19,5288.29166666667
"416",2006-02-20,4265.20833333333
"417",2006-02-21,3474.79166666667
"418",2006-02-22,3718.66666666667
"419",2006-02-23,3354.625
"420",2006-02-24,3561.04166666667
"421",2006-02-25,4064.29166666667
"422",2006-02-26,4330.625
"423",2006-02-27,4565.04166666667
"424",2006-02-28,3133.70833333333
"425",2006-03-01,2684.16666666667
"426",2006-03-02,2593.29166666667
"427",2006-03-03,3367
"428",2006-03-04,4216.66666666667
"429",2006-03-05,3896.375
"430",2006-03-06,3566.58333333333
"431",2006-03-07,3402.70833333333
"432",2006-03-08,3673.70833333333
"433",2006-03-09,2817.70833333333
"434",2006-03-10,2374.04166666667
"435",2006-03-11,2567.29166666667
"436",2006-03-12,2606.625
"437",2006-03-13,2496.66666666667
"438",2006-03-14,2436.91666666667
"439",2006-03-15,3022.75
"440",2006-03-16,2901.54166666667
"441",2006-03-17,2810.375
"442",2006-03-18,3507.75
"443",2006-03-19,3749.70833333333
"444",2006-03-20,3993.58333333333
"445",2006-03-21,4207.04166666667
"446",2006-03-22,3829.04166666667
"447",2006-03-23,3696.375
"448",2006-03-24,3493.58333333333
"449",2006-03-25,3862.66666666667
"450",2006-03-26,4325.25
"451",2006-03-27,3613.70833333333
"452",2006-03-28,3177
"453",2006-03-29,2859
"454",2006-03-30,2850.95833333333
"455",2006-03-31,2396.29166666667
"456",2006-04-01,2602
"457",2006-04-02,NA
"458",2006-04-03,2382.70833333333
"459",2006-04-04,2473.91666666667
"460",2006-04-05,2610.54166666667
"461",2006-04-06,2649.91666666667
"462",2006-04-07,2411.29166666667
"463",2006-04-08,2455.75
"464",2006-04-09,2790.20833333333
"465",2006-04-10,2930.08333333333
"466",2006-04-11,2642.54166666667
"467",2006-04-12,2365.41666666667
"468",2006-04-13,2473.25
"469",2006-04-14,2559.33333333333
"470",2006-04-15,3261.95833333333
"471",2006-04-16,3304.95833333333
"472",2006-04-17,2461.33333333333
"473",2006-04-18,2528.95833333333
"474",2006-04-19,2344.70833333333
"475",2006-04-20,2544.33333333333
"476",2006-04-21,2343.33333333333
"477",2006-04-22,2474.375
"478",2006-04-23,2584
"479",2006-04-24,2482.54166666667
"480",2006-04-25,2602.375
"481",2006-04-26,2349.25
"482",2006-04-27,2433.66666666667
"483",2006-04-28,2448
"484",2006-04-29,2575.375
"485",2006-04-30,2597.29166666667
"486",2006-05-01,2553.625
"487",2006-05-02,2490.625
"488",2006-05-03,2321.375
"489",2006-05-04,2627
"490",2006-05-05,2369.58333333333
"491",2006-05-06,2688.04166666667
"492",2006-05-07,2648.04166666667
"493",2006-05-08,2773.625
"494",2006-05-09,2506.58333333333
"495",2006-05-10,2390.16666666667
"496",2006-05-11,2304.20833333333
"497",2006-05-12,2351.70833333333
"498",2006-05-13,2545.08333333333
"499",2006-05-14,2407.95833333333
"500",2006-05-15,2451.08333333333
"501",2006-05-16,2498
"502",2006-05-17,2434.375
"503",2006-05-18,2305.95833333333
"504",2006-05-19,2354.58333333333
"505",2006-05-20,2587.33333333333
"506",2006-05-21,2782.95833333333
"507",2006-05-22,2458.04166666667
"508",2006-05-23,2453.375
"509",2006-05-24,2513.375
"510",2006-05-25,2859.08333333333
"511",2006-05-26,3145.66666666667
"512",2006-05-27,3380.08333333333
"513",2006-05-28,3524.25
"514",2006-05-29,3857
"515",2006-05-30,3902.66666666667
"516",2006-05-31,3865.66666666667
"517",2006-06-01,3612.95833333333
"518",2006-06-02,3346.66666666667
"519",2006-06-03,3264.58333333333
"520",2006-06-04,2993.66666666667
"521",2006-06-05,2497.95833333333
"522",2006-06-06,2559.33333333333
"523",2006-06-07,2904.375
"524",2006-06-08,2575.625
"525",2006-06-09,2975.08333333333
"526",2006-06-10,3170
"527",2006-06-11,3140.33333333333
"528",2006-06-12,2872.66666666667
"529",2006-06-13,2925.04166666667
"530",2006-06-14,2685.625
"531",2006-06-15,2978.29166666667
"532",2006-06-16,3188.95833333333
"533",2006-06-17,3608
"534",2006-06-18,3722.66666666667
"535",2006-06-19,3517.54166666667
"536",2006-06-20,3890.79166666667
"537",2006-06-21,4158.25
"538",2006-06-22,4406.375
"539",2006-06-23,4212.41666666667
"540",2006-06-24,3821
"541",2006-06-25,3751.29166666667
"542",2006-06-26,3559.95833333333
"543",2006-06-27,3078.70833333333
"544",2006-06-28,3764.25
"545",2006-06-29,3519.75
"546",2006-06-30,3423.25
"547",2006-07-01,3746.95833333333
"548",2006-07-02,4276.41666666667
"549",2006-07-03,4394.95833333333
"550",2006-07-04,4525.41666666667
"551",2006-07-05,3744.04166666667
"552",2006-07-06,3196
"553",2006-07-07,2979.875
"554",2006-07-08,3082.75
"555",2006-07-09,3101.41666666667
"556",2006-07-10,3686.79166666667
"557",2006-07-11,4018.625
"558",2006-07-12,4427.70833333333
"559",2006-07-13,4326.375
"560",2006-07-14,3924.45833333333
"561",2006-07-15,3989.29166666667
"562",2006-07-16,4359.70833333333
"563",2006-07-17,4420.75
"564",2006-07-18,4494.70833333333
"565",2006-07-19,4306.33333333333
"566",2006-07-20,4127.79166666667
"567",2006-07-21,4253.33333333333
"568",2006-07-22,4303.66666666667
"569",2006-07-23,3862.875
"570",2006-07-24,3765.41666666667
"571",2006-07-25,3466.41666666667
"572",2006-07-26,4073.91666666667
"573",2006-07-27,4308.29166666667
"574",2006-07-28,4547
"575",2006-07-29,4232.29166666667
"576",2006-07-30,4523.08333333333
"577",2006-07-31,4769.625
"578",2006-08-01,5039.29166666667
"579",2006-08-02,5088
"580",2006-08-03,5006.41666666667
"581",2006-08-04,4984.70833333333
"582",2006-08-05,4563.41666666667
"583",2006-08-06,4391.25
"584",2006-08-07,4654.04166666667
"585",2006-08-08,4455.33333333333
"586",2006-08-09,4101.33333333333
"587",2006-08-10,4466.625
"588",2006-08-11,3339.375
"589",2006-08-12,3031.66666666667
"590",2006-08-13,3494.45833333333
"591",2006-08-14,3735
"592",2006-08-15,3917.54166666667
"593",2006-08-16,4069
"594",2006-08-17,3746.75
"595",2006-08-18,3620.75
"596",2006-08-19,4033.66666666667
"597",2006-08-20,4363.95833333333
"598",2006-08-21,4044.04166666667
"599",2006-08-22,4057.375
"600",2006-08-23,4180.08333333333
"601",2006-08-24,3932.70833333333
"602",2006-08-25,3910
"603",2006-08-26,4244.33333333333
"604",2006-08-27,4306.58333333333
"605",2006-08-28,4426.04166666667
"606",2006-08-29,4742.70833333333
"607",2006-08-30,3864.375
"608",2006-08-31,3004.29166666667
"609",2006-09-01,2455.95833333333
"610",2006-09-02,3152.04166666667
"611",2006-09-03,3573.25
"612",2006-09-04,2967.33333333333
"613",2006-09-05,2817.625
"614",2006-09-06,3021.25
"615",2006-09-07,2678.95833333333
"616",2006-09-08,2901.58333333333
"617",2006-09-09,3306
"618",2006-09-10,3265.375
"619",2006-09-11,2702.66666666667
"620",2006-09-12,2522.41666666667
"621",2006-09-13,2433.41666666667
"622",2006-09-14,2655.66666666667
"623",2006-09-15,2639.70833333333
"624",2006-09-16,2927.75
"625",2006-09-17,3111.08333333333
"626",2006-09-18,3097.95833333333
"627",2006-09-19,3135.29166666667
"628",2006-09-20,2506.41666666667
"629",2006-09-21,2409.95833333333
"630",2006-09-22,2358.58333333333
"631",2006-09-23,3183.29166666667
"632",2006-09-24,3351.95833333333
"633",2006-09-25,2613.33333333333
"634",2006-09-26,2505
"635",2006-09-27,2499.125
"636",2006-09-28,2472.04166666667
"637",2006-09-29,2391.95833333333
"638",2006-09-30,2605.70833333333
"639",2006-10-01,2752.375
"640",2006-10-02,2602.91666666667
"641",2006-10-03,2634.625
"642",2006-10-04,2813.66666666667
"643",2006-10-05,2798.375
"644",2006-10-06,2492.375
"645",2006-10-07,3030.95833333333
"646",2006-10-08,2838.70833333333
"647",2006-10-09,2639.29166666667
"648",2006-10-10,2634.95833333333
"649",2006-10-11,2479.58333333333
"650",2006-10-12,2489.375
"651",2006-10-13,2833.16666666667
"652",2006-10-14,3461.70833333333
"653",2006-10-15,3521
"654",2006-10-16,3132
"655",2006-10-17,2859.66666666667
"656",2006-10-18,2606.625
"657",2006-10-19,2437
"658",2006-10-20,2388.29166666667
"659",2006-10-21,2968.04166666667
"660",2006-10-22,3290.95833333333
"661",2006-10-23,3358.04166666667
"662",2006-10-24,3899.91666666667
"663",2006-10-25,3902.70833333333
"664",2006-10-26,3774.375
"665",2006-10-27,3392.375
"666",2006-10-28,2914.79166666667
"667",2006-10-29,3236.45833333333
"668",2006-10-30,2816.66666666667
"669",2006-10-31,2546.95833333333
"670",2006-11-01,2539.29166666667
"671",2006-11-02,2680.41666666667
"672",2006-11-03,3936.66666666667
"673",2006-11-04,4643.625
"674",2006-11-05,4551.66666666667
"675",2006-11-06,3966.91666666667
"676",2006-11-07,3557.29166666667
"677",2006-11-08,2764
"678",2006-11-09,2614.70833333333
"679",2006-11-10,2687.625
"680",2006-11-11,2563
"681",2006-11-12,3179.91666666667
"682",2006-11-13,3010.41666666667
"683",2006-11-14,2813.58333333333
"684",2006-11-15,3282.66666666667
"685",2006-11-16,2610.41666666667
"686",2006-11-17,3150.33333333333
"687",2006-11-18,3809.33333333333
"688",2006-11-19,4146.79166666667
"689",2006-11-20,4006.29166666667
"690",2006-11-21,4542.91666666667
"691",2006-11-22,4631.04166666667
"692",2006-11-23,3744.75
"693",2006-11-24,3385.95833333333
"694",2006-11-25,3780.04166666667
"695",2006-11-26,3823.95833333333
"696",2006-11-27,3571
"697",2006-11-28,3317.625
"698",2006-11-29,2901.58333333333
"699",2006-11-30,2618.04166666667
"700",2006-12-01,2475.75
"701",2006-12-02,3691.33333333333
"702",2006-12-03,4143.33333333333
"703",2006-12-04,4331.95833333333
"704",2006-12-05,4651.25
"705",2006-12-06,4603.20833333333
"706",2006-12-07,4215
"707",2006-12-08,5783.83333333333
"708",2006-12-09,5739.70833333333
"709",2006-12-10,4687
"710",2006-12-11,4028.29166666667
"711",2006-12-12,4229.33333333333
"712",2006-12-13,3634.75
"713",2006-12-14,3715.625
"714",2006-12-15,3474.33333333333
"715",2006-12-16,3617.125
"716",2006-12-17,3714.66666666667
"717",2006-12-18,3228
"718",2006-12-19,3272.33333333333
"719",2006-12-20,4263.66666666667
"720",2006-12-21,3828
"721",2006-12-22,3310
"722",2006-12-23,3097.33333333333
"723",2006-12-24,3967.33333333333
"724",2006-12-25,4318.58333333333
"725",2006-12-26,3874.95833333333
"726",2006-12-27,4266.33333333333
"727",2006-12-28,4509.625
"728",2006-12-29,4171.91666666667
"729",2006-12-30,3838
"730",2006-12-31,3569.08333333333
"731",2007-01-01,3354.58333333333
"732",2007-01-02,3882
"733",2007-01-03,4328.625
"734",2007-01-04,3209.375
"735",2007-01-05,2603.16666666667
"736",2007-01-06,2709.33333333333
"737",2007-01-07,3499.66666666667
"738",2007-01-08,3395.375
"739",2007-01-09,4639.29166666667
"740",2007-01-10,4763.95833333333
"741",2007-01-11,5077.70833333333
"742",2007-01-12,3750.04166666667
"743",2007-01-13,3170.66666666667
"744",2007-01-14,2822.95833333333
"745",2007-01-15,2762.33333333333
"746",2007-01-16,3263.04166666667
"747",2007-01-17,4839
"748",2007-01-18,5512.625
"749",2007-01-19,4354.25
"750",2007-01-20,4786.25
"751",2007-01-21,5326.41666666667
"752",2007-01-22,4701.70833333333
"753",2007-01-23,4231.04166666667
"754",2007-01-24,4645.29166666667
"755",2007-01-25,4925.66666666667
"756",2007-01-26,5000.33333333333
"757",2007-01-27,4107.33333333333
"758",2007-01-28,4116.29166666667
"759",2007-01-29,5969.08333333333
"760",2007-01-30,5013.70833333333
"761",2007-01-31,5314.66666666667
"762",2007-02-01,5440.54166666667
"763",2007-02-02,4827.375
"764",2007-02-03,5210.66666666667
"765",2007-02-04,5442.04166666667
"766",2007-02-05,5835.75
"767",2007-02-06,6151.625
"768",2007-02-07,4403.625
"769",2007-02-08,4793.04166666667
"770",2007-02-09,5461.375
"771",2007-02-10,5126.79166666667
"772",2007-02-11,5415.95833333333
"773",2007-02-12,4513.04166666667
"774",2007-02-13,4715.70833333333
"775",2007-02-14,4901.41666666667
"776",2007-02-15,5703.95833333333
"777",2007-02-16,5559.41666666667
"778",2007-02-17,5940.125
"779",2007-02-18,5352.41666666667
"780",2007-02-19,5287.70833333333
"781",2007-02-20,3805.29166666667
"782",2007-02-21,2913
"783",2007-02-22,3109.66666666667
"784",2007-02-23,3843.66666666667
"785",2007-02-24,4216.33333333333
"786",2007-02-25,4547.58333333333
"787",2007-02-26,3867.66666666667
"788",2007-02-27,3670.33333333333
"789",2007-02-28,3585.66666666667
"790",2007-03-01,3662.33333333333
"791",2007-03-02,2750.04166666667
"792",2007-03-03,3535.375
"793",2007-03-04,4299.04166666667
"794",2007-03-05,3988.75
"795",2007-03-06,3452.33333333333
"796",2007-03-07,3318.54166666667
"797",2007-03-08,3500.08333333333
"798",2007-03-09,3694.70833333333
"799",2007-03-10,3134.70833333333
"800",2007-03-11,NA
"801",2007-03-12,3052.29166666667
"802",2007-03-13,2912.95833333333
"803",2007-03-14,2396.70833333333
"804",2007-03-15,2398.70833333333
"805",2007-03-16,3409.33333333333
"806",2007-03-17,4413.58333333333
"807",2007-03-18,4489.33333333333
"808",2007-03-19,3999.66666666667
"809",2007-03-20,2697.58333333333
"810",2007-03-21,2793.08333333333
"811",2007-03-22,2805.95833333333
"812",2007-03-23,2474.25
"813",2007-03-24,2620.375
"814",2007-03-25,2808
"815",2007-03-26,2413
"816",2007-03-27,2611.75
"817",2007-03-28,2613.33333333333
"818",2007-03-29,2624.25
"819",2007-03-30,2954.95833333333
"820",2007-03-31,2571.29166666667
"821",2007-04-01,2445.08333333333
"822",2007-04-02,2592.66666666667
"823",2007-04-03,2534.20833333333
"824",2007-04-04,2487.08333333333
"825",2007-04-05,2715.58333333333
"826",2007-04-06,3514.25
"827",2007-04-07,4221.95833333333
"828",2007-04-08,4151
"829",2007-04-09,3651.375
"830",2007-04-10,3224.375
"831",2007-04-11,3511.95833333333
"832",2007-04-12,2799.58333333333
"833",2007-04-13,2674.625
"834",2007-04-14,2717.04166666667
"835",2007-04-15,3125.75
"836",2007-04-16,3271.625
"837",2007-04-17,2817
"838",2007-04-18,2473
"839",2007-04-19,2680.41666666667
"840",2007-04-20,2708.41666666667
"841",2007-04-21,2777.75
"842",2007-04-22,2809.625
"843",2007-04-23,2594.375
"844",2007-04-24,2680.95833333333
"845",2007-04-25,2868.66666666667
"846",2007-04-26,2713.70833333333
"847",2007-04-27,2560.75
"848",2007-04-28,2498.66666666667
"849",2007-04-29,2704.70833333333
"850",2007-04-30,2807.04166666667
"851",2007-05-01,3168.45833333333
"852",2007-05-02,3279.70833333333
"853",2007-05-03,2412.625
"854",2007-05-04,2564.95833333333
"855",2007-05-05,2590
"856",2007-05-06,2546.25
"857",2007-05-07,2697.95833333333
"858",2007-05-08,2565.41666666667
"859",2007-05-09,2471.41666666667
"860",2007-05-10,2786.25
"861",2007-05-11,2973.58333333333
"862",2007-05-12,3217.75
"863",2007-05-13,2773.66666666667
"864",2007-05-14,2515.33333333333
"865",2007-05-15,2730
"866",2007-05-16,2754.70833333333
"867",2007-05-17,2423.75
"868",2007-05-18,2250.625
"869",2007-05-19,2584.58333333333
"870",2007-05-20,2782.75
"871",2007-05-21,2971.125
"872",2007-05-22,2835
"873",2007-05-23,2795.66666666667
"874",2007-05-24,2835.25
"875",2007-05-25,3025.04166666667
"876",2007-05-26,3318.66666666667
"877",2007-05-27,3545.75
"878",2007-05-28,3678.33333333333
"879",2007-05-29,3506.91666666667
"880",2007-05-30,3585.29166666667
"881",2007-05-31,3575.66666666667
"882",2007-06-01,3610.58333333333
"883",2007-06-02,3335.375
"884",2007-06-03,2591.625
"885",2007-06-04,3114.33333333333
"886",2007-06-05,3282.58333333333
"887",2007-06-06,3075.95833333333
"888",2007-06-07,3553.70833333333
"889",2007-06-08,4022.25
"890",2007-06-09,4152
"891",2007-06-10,3807.75
"892",2007-06-11,2950.54166666667
"893",2007-06-12,3128
"894",2007-06-13,2962.29166666667
"895",2007-06-14,2393.66666666667
"896",2007-06-15,2264.91666666667
"897",2007-06-16,2798.66666666667
"898",2007-06-17,3529
"899",2007-06-18,4003.75
"900",2007-06-19,4209.5
"901",2007-06-20,3560.58333333333
"902",2007-06-21,3354.95833333333
"903",2007-06-22,3286.04166666667
"904",2007-06-23,3452.04166666667
"905",2007-06-24,3663.04166666667
"906",2007-06-25,3857
"907",2007-06-26,4159.75
"908",2007-06-27,4287.66666666667
"909",2007-06-28,4037.375
"910",2007-06-29,3856
"911",2007-06-30,3479
"912",2007-07-01,3455.125
"913",2007-07-02,3171.25
"914",2007-07-03,3265.29166666667
"915",2007-07-04,3701.41666666667
"916",2007-07-05,3768.04166666667
"917",2007-07-06,3838.33333333333
"918",2007-07-07,4011.95833333333
"919",2007-07-08,4490.41666666667
"920",2007-07-09,4695.33333333333
"921",2007-07-10,4111.66666666667
"922",2007-07-11,3758.58333333333
"923",2007-07-12,3747.375
"924",2007-07-13,2865.91666666667
"925",2007-07-14,3392.58333333333
"926",2007-07-15,3939.29166666667
"927",2007-07-16,3809.375
"928",2007-07-17,3686.25
"929",2007-07-18,4132
"930",2007-07-19,4499.41666666667
"931",2007-07-20,3613
"932",2007-07-21,3381.41666666667
"933",2007-07-22,3164.25
"934",2007-07-23,3308.70833333333
"935",2007-07-24,2795.29166666667
"936",2007-07-25,3091.08333333333
"937",2007-07-26,3612.75
"938",2007-07-27,3713.70833333333
"939",2007-07-28,3720.66666666667
"940",2007-07-29,3755.75
"941",2007-07-30,3566
"942",2007-07-31,3948
"943",2007-08-01,4122.91666666667
"944",2007-08-02,4091.625
"945",2007-08-03,4062.70833333333
"946",2007-08-04,4460.75
"947",2007-08-05,4405.70833333333
"948",2007-08-06,4707.95833333333
"949",2007-08-07,4893.75
"950",2007-08-08,5252.66666666667
"951",2007-08-09,5441.33333333333
"952",2007-08-10,5214.08333333333
"953",2007-08-11,4609
"954",2007-08-12,4642.66666666667
"955",2007-08-13,4606.58333333333
"956",2007-08-14,4139.58333333333
"957",2007-08-15,4190.25
"958",2007-08-16,4838.70833333333
"959",2007-08-17,4647.375
"960",2007-08-18,4040.625
"961",2007-08-19,4252.41666666667
"962",2007-08-20,4838.04166666667
"963",2007-08-21,4482.70833333333
"964",2007-08-22,3955.41666666667
"965",2007-08-23,4045.41666666667
"966",2007-08-24,4505.70833333333
"967",2007-08-25,5088
"968",2007-08-26,4354.375
"969",2007-08-27,4113.25
"970",2007-08-28,4362.58333333333
"971",2007-08-29,4478.125
"972",2007-08-30,4060.66666666667
"973",2007-08-31,3955.375
"974",2007-09-01,3187.04166666667
"975",2007-09-02,3444
"976",2007-09-03,3801.95833333333
"977",2007-09-04,3858.375
"978",2007-09-05,3967.33333333333
"979",2007-09-06,4076.04166666667
"980",2007-09-07,4088.58333333333
"981",2007-09-08,4241.41666666667
"982",2007-09-09,4134.04166666667
"983",2007-09-10,3962.95833333333
"984",2007-09-11,3838
"985",2007-09-12,3462.04166666667
"986",2007-09-13,3137.08333333333
"987",2007-09-14,2790.66666666667
"988",2007-09-15,2933.45833333333
"989",2007-09-16,2565.79166666667
"990",2007-09-17,2475.66666666667
"991",2007-09-18,2499.08333333333
"992",2007-09-19,2602.25
"993",2007-09-20,2752.66666666667
"994",2007-09-21,2515.33333333333
"995",2007-09-22,3567.08333333333
"996",2007-09-23,3928.375
"997",2007-09-24,3476
"998",2007-09-25,3479.95833333333
"999",2007-09-26,3469.625
"1000",2007-09-27,3360.70833333333
"1001",2007-09-28,2977.08333333333
"1002",2007-09-29,2645.625
"1003",2007-09-30,2713.54166666667
"1004",2007-10-01,2638.33333333333
"1005",2007-10-02,2668.04166666667
"1006",2007-10-03,3078.375
"1007",2007-10-04,3287.33333333333
"1008",2007-10-05,3224.375
"1009",2007-10-06,3378.29166666667
"1010",2007-10-07,3545
"1011",2007-10-08,3530.625
"1012",2007-10-09,3546
"1013",2007-10-10,3156.41666666667
"1014",2007-10-11,2420.66666666667
"1015",2007-10-12,2546
"1016",2007-10-13,2763.33333333333
"1017",2007-10-14,2766.04166666667
"1018",2007-10-15,2557.95833333333
"1019",2007-10-16,2444.625
"1020",2007-10-17,2561.375
"1021",2007-10-18,2671.33333333333
"1022",2007-10-19,2686.75
"1023",2007-10-20,2627.70833333333
"1024",2007-10-21,2720.95833333333
"1025",2007-10-22,2543
"1026",2007-10-23,2593.04166666667
"1027",2007-10-24,2676.41666666667
"1028",2007-10-25,2529.08333333333
"1029",2007-10-26,2628.66666666667
"1030",2007-10-27,2601.625
"1031",2007-10-28,2842.33333333333
"1032",2007-10-29,3326.58333333333
"1033",2007-10-30,3532.29166666667
"1034",2007-10-31,3295
"1035",2007-11-01,2686.375
"1036",2007-11-02,2880.04166666667
"1037",2007-11-03,3396.58333333333
"1038",2007-11-04,3407.625
"1039",2007-11-05,3260.375
"1040",2007-11-06,3081.70833333333
"1041",2007-11-07,4010.45833333333
"1042",2007-11-08,4326.91666666667
"1043",2007-11-09,3598.08333333333
"1044",2007-11-10,3665.41666666667
"1045",2007-11-11,4092
"1046",2007-11-12,3329.08333333333
"1047",2007-11-13,2781.20833333333
"1048",2007-11-14,2601.04166666667
"1049",2007-11-15,3030
"1050",2007-11-16,3854.70833333333
"1051",2007-11-17,4205.25
"1052",2007-11-18,3623.33333333333
"1053",2007-11-19,3016.70833333333
"1054",2007-11-20,3040.70833333333
"1055",2007-11-21,3022.25
"1056",2007-11-22,2976.04166666667
"1057",2007-11-23,3869.66666666667
"1058",2007-11-24,4812.95833333333
"1059",2007-11-25,4060.66666666667
"1060",2007-11-26,3546.20833333333
"1061",2007-11-27,3073.04166666667
"1062",2007-11-28,4027.95833333333
"1063",2007-11-29,3946.95833333333
"1064",2007-11-30,3886.25
"1065",2007-12-01,4279.04166666667
"1066",2007-12-02,4179.95833333333
"1067",2007-12-03,3686.04166666667
"1068",2007-12-04,4718.5
"1069",2007-12-05,4277.08333333333
"1070",2007-12-06,4912.95833333333
"1071",2007-12-07,4912.54166666667
"1072",2007-12-08,3688.66666666667
"1073",2007-12-09,2984.58333333333
"1074",2007-12-10,2679.625
"1075",2007-12-11,2589
"1076",2007-12-12,2575.33333333333
"1077",2007-12-13,2766.25
"1078",2007-12-14,3147.66666666667
"1079",2007-12-15,4800.58333333333
"1080",2007-12-16,4929.75
"1081",2007-12-17,5143.33333333333
"1082",2007-12-18,5482.04166666667
"1083",2007-12-19,4577.75
"1084",2007-12-20,4414.66666666667
"1085",2007-12-21,4496
"1086",2007-12-22,4461.83333333333
"1087",2007-12-23,3941.70833333333
"1088",2007-12-24,4520.66666666667
"1089",2007-12-25,4559.625
"1090",2007-12-26,4493
"1091",2007-12-27,4145
"1092",2007-12-28,4146.95833333333
"1093",2007-12-29,3621.66666666667
"1094",2007-12-30,3865.375
"1095",2007-12-31,4127.41666666667
"1096",2008-01-01,4835.29166666667
"1097",2008-01-02,6324.41666666667
"1098",2008-01-03,6426.625
"1099",2008-01-04,6124.04166666667
"1100",2008-01-05,5211.33333333333
"1101",2008-01-06,3789.625
"1102",2008-01-07,3220.91666666667
"1103",2008-01-08,3026.625
"1104",2008-01-09,2677
"1105",2008-01-10,3920.20833333333
"1106",2008-01-11,3271.125
"1107",2008-01-12,4084.70833333333
"1108",2008-01-13,4541
"1109",2008-01-14,4827
"1110",2008-01-15,5417.20833333333
"1111",2008-01-16,5525.75
"1112",2008-01-17,5571.66666666667
"1113",2008-01-18,5054.375
"1114",2008-01-19,5010.75
"1115",2008-01-20,6085.375
"1116",2008-01-21,6792.25
"1117",2008-01-22,5721.29166666667
"1118",2008-01-23,4586.04166666667
"1119",2008-01-24,5211.375
"1120",2008-01-25,5946.33333333333
"1121",2008-01-26,5075
"1122",2008-01-27,4817.5
"1123",2008-01-28,4534.66666666667
"1124",2008-01-29,3609.33333333333
"1125",2008-01-30,3815.95833333333
"1126",2008-01-31,4872.54166666667
"1127",2008-02-01,4978.08333333333
"1128",2008-02-02,4496.70833333333
"1129",2008-02-03,4062
"1130",2008-02-04,3433.08333333333
"1131",2008-02-05,2938.95833333333
"1132",2008-02-06,2551.25
"1133",2008-02-07,3046.66666666667
"1134",2008-02-08,3733.33333333333
"1135",2008-02-09,3622.33333333333
"1136",2008-02-10,3937.66666666667
"1137",2008-02-11,4807.33333333333
"1138",2008-02-12,5149.33333333333
"1139",2008-02-13,4872.04166666667
"1140",2008-02-14,4939.66666666667
"1141",2008-02-15,3997.95833333333
"1142",2008-02-16,3538.375
"1143",2008-02-17,3856
"1144",2008-02-18,2895.625
"1145",2008-02-19,4124.66666666667
"1146",2008-02-20,4001.45833333333
"1147",2008-02-21,4518.70833333333
"1148",2008-02-22,4673.41666666667
"1149",2008-02-23,3711.58333333333
"1150",2008-02-24,4637.29166666667
"1151",2008-02-25,3571
"1152",2008-02-26,3606.66666666667
"1153",2008-02-27,4659.375
"1154",2008-02-28,5199.625
"1155",2008-02-29,4612.70833333333
"1156",2008-03-01,3462.875
"1157",2008-03-02,3610.95833333333
"1158",2008-03-03,3049.375
"1159",2008-03-04,2484.70833333333
"1160",2008-03-05,2931
"1161",2008-03-06,3426.95833333333
"1162",2008-03-07,3673.95833333333
"1163",2008-03-08,3979.70833333333
"1164",2008-03-09,NA
"1165",2008-03-10,3862.95833333333
"1166",2008-03-11,3167
"1167",2008-03-12,3139.04166666667
"1168",2008-03-13,3095.25
"1169",2008-03-14,2574.29166666667
"1170",2008-03-15,2879.91666666667
"1171",2008-03-16,3057.95833333333
"1172",2008-03-17,3491.33333333333
"1173",2008-03-18,3626.33333333333
"1174",2008-03-19,2700.95833333333
"1175",2008-03-20,2819.33333333333
"1176",2008-03-21,3278.95833333333
"1177",2008-03-22,2908.66666666667
"1178",2008-03-23,3135.95833333333
"1179",2008-03-24,3838.29166666667
"1180",2008-03-25,3943.75
"1181",2008-03-26,3026.08333333333
"1182",2008-03-27,2571.95833333333
"1183",2008-03-28,2310.625
"1184",2008-03-29,3185
"1185",2008-03-30,4085.66666666667
"1186",2008-03-31,3792
"1187",2008-04-01,2815.70833333333
"1188",2008-04-02,2482.70833333333
"1189",2008-04-03,3424.04166666667
"1190",2008-04-04,3369.625
"1191",2008-04-05,2886.29166666667
"1192",2008-04-06,3251.91666666667
"1193",2008-04-07,3174.29166666667
"1194",2008-04-08,2882.04166666667
"1195",2008-04-09,2595.125
"1196",2008-04-10,2472.375
"1197",2008-04-11,2372
"1198",2008-04-12,2534.58333333333
"1199",2008-04-13,2723.70833333333
"1200",2008-04-14,3607.95833333333
"1201",2008-04-15,3186.58333333333
"1202",2008-04-16,3185.66666666667
"1203",2008-04-17,2826.625
"1204",2008-04-18,2550.25
"1205",2008-04-19,2400.08333333333
"1206",2008-04-20,2523
"1207",2008-04-21,2538.375
"1208",2008-04-22,2463.375
"1209",2008-04-23,2382.91666666667
"1210",2008-04-24,2516.04166666667
"1211",2008-04-25,2516.95833333333
"1212",2008-04-26,2783.29166666667
"1213",2008-04-27,2576.95833333333
"1214",2008-04-28,2342.29166666667
"1215",2008-04-29,2578.04166666667
"1216",2008-04-30,2916.66666666667
"1217",2008-05-01,2592.29166666667
"1218",2008-05-02,2477.25
"1219",2008-05-03,2664.33333333333
"1220",2008-05-04,2766.66666666667
"1221",2008-05-05,2428.25
"1222",2008-05-06,2477.70833333333
"1223",2008-05-07,2575.25
"1224",2008-05-08,2541.08333333333
"1225",2008-05-09,2679.625
"1226",2008-05-10,2713.08333333333
"1227",2008-05-11,2485.625
"1228",2008-05-12,2486.04166666667
"1229",2008-05-13,2461.08333333333
"1230",2008-05-14,2356.58333333333
"1231",2008-05-15,2341
"1232",2008-05-16,2407.29166666667
"1233",2008-05-17,2529.29166666667
"1234",2008-05-18,2443
"1235",2008-05-19,2428
"1236",2008-05-20,2436.08333333333
"1237",2008-05-21,2397.20833333333
"1238",2008-05-22,2477.04166666667
"1239",2008-05-23,2410.95833333333
"1240",2008-05-24,2620.33333333333
"1241",2008-05-25,2648.33333333333
"1242",2008-05-26,2982
"1243",2008-05-27,3114.04166666667
"1244",2008-05-28,2424.33333333333
"1245",2008-05-29,2565.625
"1246",2008-05-30,3016
"1247",2008-05-31,3586.29166666667
"1248",2008-06-01,3459.70833333333
"1249",2008-06-02,3172.25
"1250",2008-06-03,2938.79166666667
"1251",2008-06-04,3793.41666666667
"1252",2008-06-05,4190.08333333333
"1253",2008-06-06,4531.54166666667
"1254",2008-06-07,4783.375
"1255",2008-06-08,4974.91666666667
"1256",2008-06-09,4808.04166666667
"1257",2008-06-10,4618.66666666667
"1258",2008-06-11,4284.41666666667
"1259",2008-06-12,3851.29166666667
"1260",2008-06-13,4024.70833333333
"1261",2008-06-14,3909.95833333333
"1262",2008-06-15,3917.25
"1263",2008-06-16,3911.33333333333
"1264",2008-06-17,3583.29166666667
"1265",2008-06-18,2970.66666666667
"1266",2008-06-19,3019.33333333333
"1267",2008-06-20,3106
"1268",2008-06-21,3467.25
"1269",2008-06-22,3475.70833333333
"1270",2008-06-23,3493.375
"1271",2008-06-24,3538.45833333333
"1272",2008-06-25,3797
"1273",2008-06-26,3809.58333333333
"1274",2008-06-27,3859.70833333333
"1275",2008-06-28,4150.66666666667
"1276",2008-06-29,3752.45833333333
"1277",2008-06-30,3505.20833333333
"1278",2008-07-01,2840.625
"1279",2008-07-02,3120.45833333333
"1280",2008-07-03,3389.95833333333
"1281",2008-07-04,3517.95833333333
"1282",2008-07-05,3315.375
"1283",2008-07-06,3583.66666666667
"1284",2008-07-07,3804.95833333333
"1285",2008-07-08,3573.125
"1286",2008-07-09,3572.875
"1287",2008-07-10,3400.66666666667
"1288",2008-07-11,3960.08333333333
"1289",2008-07-12,4368.66666666667
"1290",2008-07-13,4226.41666666667
"1291",2008-07-14,3913.95833333333
"1292",2008-07-15,3723.29166666667
"1293",2008-07-16,3697
"1294",2008-07-17,3776.58333333333
"1295",2008-07-18,3918.16666666667
"1296",2008-07-19,4080.95833333333
"1297",2008-07-20,4645
"1298",2008-07-21,4784.375
"1299",2008-07-22,4609.25
"1300",2008-07-23,3879.08333333333
"1301",2008-07-24,3504.04166666667
"1302",2008-07-25,3316.75
"1303",2008-07-26,3947.625
"1304",2008-07-27,4449.33333333333
"1305",2008-07-28,4140.41666666667
"1306",2008-07-29,4504.33333333333
"1307",2008-07-30,4512.625
"1308",2008-07-31,3938.29166666667
"1309",2008-08-01,4197.125
"1310",2008-08-02,3780.70833333333
"1311",2008-08-03,4082.95833333333
"1312",2008-08-04,4027.66666666667
"1313",2008-08-05,4072.33333333333
"1314",2008-08-06,4152.375
"1315",2008-08-07,3885
"1316",2008-08-08,3563
"1317",2008-08-09,3370.04166666667
"1318",2008-08-10,3748.70833333333
"1319",2008-08-11,3290.66666666667
"1320",2008-08-12,3128.33333333333
"1321",2008-08-13,2706
"1322",2008-08-14,2905.70833333333
"1323",2008-08-15,3064.33333333333
"1324",2008-08-16,3466.29166666667
"1325",2008-08-17,3175.75
"1326",2008-08-18,3531.375
"1327",2008-08-19,3788
"1328",2008-08-20,3630.33333333333
"1329",2008-08-21,3566.04166666667
"1330",2008-08-22,3243.66666666667
"1331",2008-08-23,3447.375
"1332",2008-08-24,3721.04166666667
"1333",2008-08-25,3604.04166666667
"1334",2008-08-26,2805.66666666667
"1335",2008-08-27,2571.625
"1336",2008-08-28,2601.33333333333
"1337",2008-08-29,3356.375
"1338",2008-08-30,3888.375
"1339",2008-08-31,3897.41666666667
"1340",2008-09-01,3836.375
"1341",2008-09-02,3446.625
"1342",2008-09-03,3518.45833333333
"1343",2008-09-04,3565.91666666667
"1344",2008-09-05,3115.375
"1345",2008-09-06,3740.04166666667
"1346",2008-09-07,3854.08333333333
"1347",2008-09-08,3807.79166666667
"1348",2008-09-09,3394.29166666667
"1349",2008-09-10,2704.95833333333
"1350",2008-09-11,2537
"1351",2008-09-12,3051.33333333333
"1352",2008-09-13,4153.91666666667
"1353",2008-09-14,4268.04166666667
"1354",2008-09-15,3732
"1355",2008-09-16,2565
"1356",2008-09-17,2668.29166666667
"1357",2008-09-18,2752.70833333333
"1358",2008-09-19,2415
"1359",2008-09-20,2532
"1360",2008-09-21,2613.25
"1361",2008-09-22,2708.33333333333
"1362",2008-09-23,2447.70833333333
"1363",2008-09-24,2388.95833333333
"1364",2008-09-25,2403.04166666667
"1365",2008-09-26,2393.79166666667
"1366",2008-09-27,2545
"1367",2008-09-28,2907.70833333333
"1368",2008-09-29,2788.33333333333
"1369",2008-09-30,2596.375
"1370",2008-10-01,2414.33333333333
"1371",2008-10-02,2514.70833333333
"1372",2008-10-03,2529.33333333333
"1373",2008-10-04,2661.375
"1374",2008-10-05,2822.91666666667
"1375",2008-10-06,2625.33333333333
"1376",2008-10-07,2449.04166666667
"1377",2008-10-08,2418.25
"1378",2008-10-09,2469
"1379",2008-10-10,2452.70833333333
"1380",2008-10-11,2611.91666666667
"1381",2008-10-12,2715
"1382",2008-10-13,2647.04166666667
"1383",2008-10-14,2634.95833333333
"1384",2008-10-15,2731.29166666667
"1385",2008-10-16,2748.625
"1386",2008-10-17,2579.41666666667
"1387",2008-10-18,2880.375
"1388",2008-10-19,3342
"1389",2008-10-20,3437.41666666667
"1390",2008-10-21,2965.625
"1391",2008-10-22,3370.33333333333
"1392",2008-10-23,3656
"1393",2008-10-24,3312.20833333333
"1394",2008-10-25,2861.04166666667
"1395",2008-10-26,3206
"1396",2008-10-27,3496.04166666667
"1397",2008-10-28,4045.70833333333
"1398",2008-10-29,3863.29166666667
"1399",2008-10-30,3897.29166666667
"1400",2008-10-31,3677.95833333333
"1401",2008-11-01,3338.08333333333
"1402",2008-11-02,3137.45833333333
"1403",2008-11-03,2822.25
"1404",2008-11-04,2850.375
"1405",2008-11-05,2621.58333333333
"1406",2008-11-06,2710.04166666667
"1407",2008-11-07,2638.41666666667
"1408",2008-11-08,2665.625
"1409",2008-11-09,3647.04166666667
"1410",2008-11-10,3843.66666666667
"1411",2008-11-11,4044
"1412",2008-11-12,3468.66666666667
"1413",2008-11-13,3427.33333333333
"1414",2008-11-14,2898.79166666667
"1415",2008-11-15,2819
"1416",2008-11-16,3995.33333333333
"1417",2008-11-17,4745.33333333333
"1418",2008-11-18,5112.75
"1419",2008-11-19,5195.70833333333
"1420",2008-11-20,4408.29166666667
"1421",2008-11-21,5002.70833333333
"1422",2008-11-22,5702
"1423",2008-11-23,4917.375
"1424",2008-11-24,4935.70833333333
"1425",2008-11-25,4375
"1426",2008-11-26,4837.33333333333
"1427",2008-11-27,4696.91666666667
"1428",2008-11-28,3836.33333333333
"1429",2008-11-29,4206.41666666667
"1430",2008-11-30,4786.08333333333
"1431",2008-12-01,4533.04166666667
"1432",2008-12-02,5255.66666666667
"1433",2008-12-03,5142.5
"1434",2008-12-04,4325.625
"1435",2008-12-05,4451.375
"1436",2008-12-06,5341.41666666667
"1437",2008-12-07,5404.375
"1438",2008-12-08,5958.625
"1439",2008-12-09,4553
"1440",2008-12-10,3111.375
"1441",2008-12-11,2983.20833333333
"1442",2008-12-12,3990
"1443",2008-12-13,5252.70833333333
"1444",2008-12-14,4988.41666666667
"1445",2008-12-15,3630.375
"1446",2008-12-16,3747.70833333333
"1447",2008-12-17,3938.625
"1448",2008-12-18,3634.25
"1449",2008-12-19,3131.70833333333
"1450",2008-12-20,3553.25
"1451",2008-12-21,4447.70833333333
"1452",2008-12-22,6436.625
"1453",2008-12-23,5909.58333333333
"1454",2008-12-24,4757.95833333333
"1455",2008-12-25,3670.95833333333
"1456",2008-12-26,4742.79166666667
"1457",2008-12-27,3794.375
"1458",2008-12-28,3071.91666666667
"1459",2008-12-29,3363.375
"1460",2008-12-30,3757.04166666667
"1461",2008-12-31,4576.29166666667
"1462",2009-01-01,5694.33333333333
"1463",2009-01-02,5289.08333333333
"1464",2009-01-03,4469.25
"1465",2009-01-04,3817.91666666667
"1466",2009-01-05,3036.04166666667
"1467",2009-01-06,4249.33333333333
"1468",2009-01-07,4662
"1469",2009-01-08,4742
"1470",2009-01-09,4961.04166666667
"1471",2009-01-10,4461.70833333333
"1472",2009-01-11,3885.625
"1473",2009-01-12,4830.04166666667
"1474",2009-01-13,5470.66666666667
"1475",2009-01-14,5251.95833333333
"1476",2009-01-15,5795.20833333333
"1477",2009-01-16,7442.66666666667
"1478",2009-01-17,7896.58333333333
"1479",2009-01-18,5485.625
"1480",2009-01-19,5193.04166666667
"1481",2009-01-20,6075.75
"1482",2009-01-21,6469
"1483",2009-01-22,5460.375
"1484",2009-01-23,4417.75
"1485",2009-01-24,3898.625
"1486",2009-01-25,5160.70833333333
"1487",2009-01-26,4671.66666666667
"1488",2009-01-27,4971.29166666667
"1489",2009-01-28,4719.70833333333
"1490",2009-01-29,4728.33333333333
"1491",2009-01-30,5094.66666666667
"1492",2009-01-31,5249.66666666667
"1493",2009-02-01,4421.70833333333
"1494",2009-02-02,3982.75
"1495",2009-02-03,4905.29166666667
"1496",2009-02-04,6079.04166666667
"1497",2009-02-05,6678.75
"1498",2009-02-06,4931.58333333333
"1499",2009-02-07,4052.66666666667
"1500",2009-02-08,3303
"1501",2009-02-09,3267.375
"1502",2009-02-10,2867.375
"1503",2009-02-11,2688.04166666667
"1504",2009-02-12,2829
"1505",2009-02-13,3077.29166666667
"1506",2009-02-14,3229.04166666667
"1507",2009-02-15,3738.70833333333
"1508",2009-02-16,4500.20833333333
"1509",2009-02-17,4868.375
"1510",2009-02-18,4151.70833333333
"1511",2009-02-19,3977.75
"1512",2009-02-20,5160.625
"1513",2009-02-21,4850.04166666667
"1514",2009-02-22,4603.91666666667
"1515",2009-02-23,5309.04166666667
"1516",2009-02-24,5233.66666666667
"1517",2009-02-25,4545.33333333333
"1518",2009-02-26,3371.375
"1519",2009-02-27,2973.58333333333
"1520",2009-02-28,4038.625
"1521",2009-03-01,5771.29166666667
"1522",2009-03-02,5968.58333333333
"1523",2009-03-03,6595.58333333333
"1524",2009-03-04,5688.625
"1525",2009-03-05,4373.625
"1526",2009-03-06,3125.625
"1527",2009-03-07,2732.66666666667
"1528",2009-03-08,NA
"1529",2009-03-09,2381.29166666667
"1530",2009-03-10,2432.625
"1531",2009-03-11,2418.04166666667
"1532",2009-03-12,3211.33333333333
"1533",2009-03-13,4115.20833333333
"1534",2009-03-14,4534.41666666667
"1535",2009-03-15,4042.45833333333
"1536",2009-03-16,3620
"1537",2009-03-17,3240.95833333333
"1538",2009-03-18,2987.625
"1539",2009-03-19,2711.66666666667
"1540",2009-03-20,3124.70833333333
"1541",2009-03-21,3739.91666666667
"1542",2009-03-22,3725.66666666667
"1543",2009-03-23,3036.95833333333
"1544",2009-03-24,3184
"1545",2009-03-25,3859.04166666667
"1546",2009-03-26,3905.66666666667
"1547",2009-03-27,3098.41666666667
"1548",2009-03-28,3129.33333333333
"1549",2009-03-29,2732.95833333333
"1550",2009-03-30,2971.95833333333
"1551",2009-03-31,3021.58333333333
"1552",2009-04-01,2749.04166666667
"1553",2009-04-02,2814.41666666667
"1554",2009-04-03,2352.25
"1555",2009-04-04,2776.95833333333
"1556",2009-04-05,2658.70833333333
"1557",2009-04-06,2435.66666666667
"1558",2009-04-07,3729.04166666667
"1559",2009-04-08,3674.375
"1560",2009-04-09,2817.95833333333
"1561",2009-04-10,2686.33333333333
"1562",2009-04-11,2572.79166666667
"1563",2009-04-12,3038.625
"1564",2009-04-13,3063.625
"1565",2009-04-14,2981.41666666667
"1566",2009-04-15,2646
"1567",2009-04-16,2740.29166666667
"1568",2009-04-17,2762.375
"1569",2009-04-18,2620.29166666667
"1570",2009-04-19,2435.95833333333
"1571",2009-04-20,2373.45833333333
"1572",2009-04-21,2326
"1573",2009-04-22,2729.625
"1574",2009-04-23,2744.33333333333
"1575",2009-04-24,2573.125
"1576",2009-04-25,3072.70833333333
"1577",2009-04-26,3311.25
"1578",2009-04-27,3019.625
"1579",2009-04-28,2800.75
"1580",2009-04-29,2601.75
"1581",2009-04-30,2246.95833333333
"1582",2009-05-01,2466.33333333333
"1583",2009-05-02,2609.375
"1584",2009-05-03,2611.25
"1585",2009-05-04,2583.625
"1586",2009-05-05,2368.66666666667
"1587",2009-05-06,2377.33333333333
"1588",2009-05-07,2661.41666666667
"1589",2009-05-08,2441.95833333333
"1590",2009-05-09,3199.20833333333
"1591",2009-05-10,2789.33333333333
"1592",2009-05-11,2405
"1593",2009-05-12,2504.66666666667
"1594",2009-05-13,2374.66666666667
"1595",2009-05-14,2562.70833333333
"1596",2009-05-15,2751.625
"1597",2009-05-16,3090.70833333333
"1598",2009-05-17,2539.75
"1599",2009-05-18,2373
"1600",2009-05-19,2538.95833333333
"1601",2009-05-20,2500.375
"1602",2009-05-21,2588.04166666667
"1603",2009-05-22,2717.625
"1604",2009-05-23,3025.33333333333
"1605",2009-05-24,2872
"1606",2009-05-25,3127.95833333333
"1607",2009-05-26,2906.33333333333
"1608",2009-05-27,2867.79166666667
"1609",2009-05-28,2923.29166666667
"1610",2009-05-29,3044.04166666667
"1611",2009-05-30,3112.75
"1612",2009-05-31,3284.95833333333
"1613",2009-06-01,3065.04166666667
"1614",2009-06-02,3634.33333333333
"1615",2009-06-03,3427.08333333333
"1616",2009-06-04,2929.66666666667
"1617",2009-06-05,2425.625
"1618",2009-06-06,2988.79166666667
"1619",2009-06-07,3309.375
"1620",2009-06-08,3576.25
"1621",2009-06-09,3690.375
"1622",2009-06-10,3371.29166666667
"1623",2009-06-11,3137.66666666667
"1624",2009-06-12,3447.08333333333
"1625",2009-06-13,3792.33333333333
"1626",2009-06-14,3645.66666666667
"1627",2009-06-15,3217.70833333333
"1628",2009-06-16,2537.70833333333
"1629",2009-06-17,2594.70833333333
"1630",2009-06-18,3596.95833333333
"1631",2009-06-19,3754.125
"1632",2009-06-20,4287.5
"1633",2009-06-21,3520
"1634",2009-06-22,3643.875
"1635",2009-06-23,3738.04166666667
"1636",2009-06-24,3882.625
"1637",2009-06-25,3818.375
"1638",2009-06-26,3908.45833333333
"1639",2009-06-27,4182.70833333333
"1640",2009-06-28,3884.375
"1641",2009-06-29,3849.20833333333
"1642",2009-06-30,3559.20833333333
"1643",2009-07-01,3639.95833333333
"1644",2009-07-02,3446.29166666667
"1645",2009-07-03,3210.75
"1646",2009-07-04,3354.95833333333
"1647",2009-07-05,2838.70833333333
"1648",2009-07-06,3226.33333333333
"1649",2009-07-07,3524.04166666667
"1650",2009-07-08,3578.95833333333
"1651",2009-07-09,3273.66666666667
"1652",2009-07-10,3129.04166666667
"1653",2009-07-11,3750.625
"1654",2009-07-12,4252.29166666667
"1655",2009-07-13,3827.33333333333
"1656",2009-07-14,3471.625
"1657",2009-07-15,3410
"1658",2009-07-16,3764
"1659",2009-07-17,4153.25
"1660",2009-07-18,3624.33333333333
"1661",2009-07-19,3259.33333333333
"1662",2009-07-20,2852.25
"1663",2009-07-21,3029.04166666667
"1664",2009-07-22,3693.375
"1665",2009-07-23,3836.625
"1666",2009-07-24,3715.08333333333
"1667",2009-07-25,4053.625
"1668",2009-07-26,4169.375
"1669",2009-07-27,4065.625
"1670",2009-07-28,4210.75
"1671",2009-07-29,3476.375
"1672",2009-07-30,3693.75
"1673",2009-07-31,3623.66666666667
"1674",2009-08-01,4245.91666666667
"1675",2009-08-02,3723.375
"1676",2009-08-03,3912.29166666667
"1677",2009-08-04,3889.70833333333
"1678",2009-08-05,4185.04166666667
"1679",2009-08-06,3636
"1680",2009-08-07,3647.29166666667
"1681",2009-08-08,3940.41666666667
"1682",2009-08-09,4609.875
"1683",2009-08-10,4720.375
"1684",2009-08-11,4190.33333333333
"1685",2009-08-12,3283.33333333333
"1686",2009-08-13,3614.95833333333
"1687",2009-08-14,3745
"1688",2009-08-15,3777.375
"1689",2009-08-16,3944.625
"1690",2009-08-17,4137.41666666667
"1691",2009-08-18,4298.70833333333
"1692",2009-08-19,4270.33333333333
"1693",2009-08-20,4108.625
"1694",2009-08-21,4382.29166666667
"1695",2009-08-22,3711
"1696",2009-08-23,3757.25
"1697",2009-08-24,3516.70833333333
"1698",2009-08-25,3692.95833333333
"1699",2009-08-26,3978.66666666667
"1700",2009-08-27,4053.33333333333
"1701",2009-08-28,3423.66666666667
"1702",2009-08-29,3937.33333333333
"1703",2009-08-30,3902.625
"1704",2009-08-31,2746.91666666667
"1705",2009-09-01,2664.29166666667
"1706",2009-09-02,2646
"1707",2009-09-03,2698.66666666667
"1708",2009-09-04,2952.75
"1709",2009-09-05,3536.375
"1710",2009-09-06,3456.08333333333
"1711",2009-09-07,3316.70833333333
"1712",2009-09-08,3029.33333333333
"1713",2009-09-09,2936.29166666667
"1714",2009-09-10,2520.25
"1715",2009-09-11,2768
"1716",2009-09-12,3152.66666666667
"1717",2009-09-13,3210.125
"1718",2009-09-14,3343.83333333333
"1719",2009-09-15,3298.25
"1720",2009-09-16,2932
"1721",2009-09-17,2599
"1722",2009-09-18,2553.58333333333
"1723",2009-09-19,2687.375
"1724",2009-09-20,2913.625
"1725",2009-09-21,2746.29166666667
"1726",2009-09-22,2583.66666666667
"1727",2009-09-23,2994.33333333333
"1728",2009-09-24,3527.29166666667
"1729",2009-09-25,2702.66666666667
"1730",2009-09-26,2519.66666666667
"1731",2009-09-27,2775.20833333333
"1732",2009-09-28,2582.79166666667
"1733",2009-09-29,2342.625
"1734",2009-09-30,2399.66666666667
"1735",2009-10-01,2455
"1736",2009-10-02,2345.41666666667
"1737",2009-10-03,2549.91666666667
"1738",2009-10-04,2612.375
"1739",2009-10-05,2431.70833333333
"1740",2009-10-06,2455.25
"1741",2009-10-07,2537.70833333333
"1742",2009-10-08,2511.375
"1743",2009-10-09,2595.33333333333
"1744",2009-10-10,2805.75
"1745",2009-10-11,2569.16666666667
"1746",2009-10-12,2821.375
"1747",2009-10-13,2647.20833333333
"1748",2009-10-14,3003.08333333333
"1749",2009-10-15,3369.66666666667
"1750",2009-10-16,3040.95833333333
"1751",2009-10-17,3337.375
"1752",2009-10-18,3997.58333333333
"1753",2009-10-19,3764.33333333333
"1754",2009-10-20,3370
"1755",2009-10-21,2921.33333333333
"1756",2009-10-22,2721.66666666667
"1757",2009-10-23,2523.41666666667
"1758",2009-10-24,2629.33333333333
"1759",2009-10-25,2779.625
"1760",2009-10-26,2996.41666666667
"1761",2009-10-27,2769.08333333333
"1762",2009-10-28,2504.75
"1763",2009-10-29,2521.33333333333
"1764",2009-10-30,2477.66666666667
"1765",2009-10-31,2589.75
"1766",2009-11-01,3149.16666666667
"1767",2009-11-02,2935.33333333333
"1768",2009-11-03,3060.95833333333
"1769",2009-11-04,3418.33333333333
"1770",2009-11-05,3412.29166666667
"1771",2009-11-06,3560.04166666667
"1772",2009-11-07,3642.375
"1773",2009-11-08,3053.29166666667
"1774",2009-11-09,2787.375
"1775",2009-11-10,2810.66666666667
"1776",2009-11-11,3505.91666666667
"1777",2009-11-12,3922.70833333333
"1778",2009-11-13,3077.66666666667
"1779",2009-11-14,2735.95833333333
"1780",2009-11-15,2871.41666666667
"1781",2009-11-16,2846.91666666667
"1782",2009-11-17,3107.29166666667
"1783",2009-11-18,3271.66666666667
"1784",2009-11-19,2925.08333333333
"1785",2009-11-20,3034.375
"1786",2009-11-21,3642.66666666667
"1787",2009-11-22,3964.54166666667
"1788",2009-11-23,3550
"1789",2009-11-24,2993.91666666667
"1790",2009-11-25,3146.29166666667
"1791",2009-11-26,3722
"1792",2009-11-27,3914.25
"1793",2009-11-28,4119.45833333333
"1794",2009-11-29,3589.33333333333
"1795",2009-11-30,3438.29166666667
"1796",2009-12-01,4210.91666666667
"1797",2009-12-02,4099.91666666667
"1798",2009-12-03,3245.91666666667
"1799",2009-12-04,4406.33333333333
"1800",2009-12-05,4646.70833333333
"1801",2009-12-06,5519.375
"1802",2009-12-07,5243.41666666667
"1803",2009-12-08,5033.54166666667
"1804",2009-12-09,4399.95833333333
"1805",2009-12-10,4455.125
"1806",2009-12-11,5952
"1807",2009-12-12,6196.04166666667
"1808",2009-12-13,5378.91666666667
"1809",2009-12-14,4335.41666666667
"1810",2009-12-15,3558.91666666667
"1811",2009-12-16,4579.375
"1812",2009-12-17,5164.75
"1813",2009-12-18,6031.58333333333
"1814",2009-12-19,5952.33333333333
"1815",2009-12-20,5325
"1816",2009-12-21,5127.04166666667
"1817",2009-12-22,4989.95833333333
"1818",2009-12-23,5382
"1819",2009-12-24,5459.04166666667
"1820",2009-12-25,5729.79166666667
"1821",2009-12-26,4785.33333333333
"1822",2009-12-27,5121.25
"1823",2009-12-28,5107.08333333333
"1824",2009-12-29,5495.375
"1825",2009-12-30,5704.91666666667
"1826",2009-12-31,5015.41666666667
"1827",2010-01-01,4950.16666666667
"1828",2010-01-02,6713.79166666667
"1829",2010-01-03,7407.91666666667
"1830",2010-01-04,6852.25
"1831",2010-01-05,6571.95833333333
"1832",2010-01-06,6433
"1833",2010-01-07,6110.66666666667
"1834",2010-01-08,6227.08333333333
"1835",2010-01-09,7210.625
"1836",2010-01-10,6692.91666666667
"1837",2010-01-11,6522.66666666667
"1838",2010-01-12,5531
"1839",2010-01-13,5822.91666666667
"1840",2010-01-14,5092.91666666667
"1841",2010-01-15,4602.95833333333
"1842",2010-01-16,4582.375
"1843",2010-01-17,4283.625
"1844",2010-01-18,3813.91666666667
"1845",2010-01-19,3893.95833333333
"1846",2010-01-20,3929.375
"1847",2010-01-21,5360.29166666667
"1848",2010-01-22,4863.29166666667
"1849",2010-01-23,4323.29166666667
"1850",2010-01-24,4736.04166666667
"1851",2010-01-25,3155.08333333333
"1852",2010-01-26,4592.625
"1853",2010-01-27,4992.375
"1854",2010-01-28,4393.29166666667
"1855",2010-01-29,4859.95833333333
"1856",2010-01-30,7087
"1857",2010-01-31,6469.5
"1858",2010-02-01,5655.04166666667
"1859",2010-02-02,5721.58333333333
"1860",2010-02-03,4922.33333333333
"1861",2010-02-04,5208.58333333333
"1862",2010-02-05,5013.66666666667
"1863",2010-02-06,5056.29166666667
"1864",2010-02-07,5343
"1865",2010-02-08,5470.41666666667
"1866",2010-02-09,5446.66666666667
"1867",2010-02-10,6168.08333333333
"1868",2010-02-11,5517.375
"1869",2010-02-12,5733.66666666667
"1870",2010-02-13,5431.75
"1871",2010-02-14,5542.58333333333
"1872",2010-02-15,5646.375
"1873",2010-02-16,5888.08333333333
"1874",2010-02-17,5854.91666666667
"1875",2010-02-18,4999.66666666667
"1876",2010-02-19,4745.66666666667
"1877",2010-02-20,4654.95833333333
"1878",2010-02-21,4262.75
"1879",2010-02-22,4394.375
"1880",2010-02-23,3781.70833333333
"1881",2010-02-24,4683.70833333333
"1882",2010-02-25,5260.95833333333
"1883",2010-02-26,5160.41666666667
"1884",2010-02-27,4926.66666666667
"1885",2010-02-28,4796
"1886",2010-03-01,4606.625
"1887",2010-03-02,5207.04166666667
"1888",2010-03-03,5139.29166666667
"1889",2010-03-04,4586.29166666667
"1890",2010-03-05,4591
"1891",2010-03-06,4347.04166666667
"1892",2010-03-07,4240.29166666667
"1893",2010-03-08,3495.66666666667
"1894",2010-03-09,3232.58333333333
"1895",2010-03-10,2758.58333333333
"1896",2010-03-11,2818.70833333333
"1897",2010-03-12,2556.95833333333
"1898",2010-03-13,2801.625
"1899",2010-03-14,NA
"1900",2010-03-15,3218.33333333333
"1901",2010-03-16,3329.70833333333
"1902",2010-03-17,3343.875
"1903",2010-03-18,2878
"1904",2010-03-19,2840.54166666667
"1905",2010-03-20,2798.41666666667
"1906",2010-03-21,2679.375
"1907",2010-03-22,2684
"1908",2010-03-23,3413.08333333333
"1909",2010-03-24,2953.91666666667
"1910",2010-03-25,2683.29166666667
"1911",2010-03-26,2827
"1912",2010-03-27,3789.95833333333
"1913",2010-03-28,3910
"1914",2010-03-29,3039.91666666667
"1915",2010-03-30,2761.95833333333
"1916",2010-03-31,2739.33333333333
"1917",2010-04-01,2525
"1918",2010-04-02,2663
"1919",2010-04-03,2604.66666666667
"1920",2010-04-04,2784.41666666667
"1921",2010-04-05,2484.54166666667
"1922",2010-04-06,3071.375
"1923",2010-04-07,2961.04166666667
"1924",2010-04-08,2451.66666666667
"1925",2010-04-09,2278.625
"1926",2010-04-10,2733.66666666667
"1927",2010-04-11,2805
"1928",2010-04-12,2478.375
"1929",2010-04-13,2438.66666666667
"1930",2010-04-14,2560.08333333333
"1931",2010-04-15,2694.29166666667
"1932",2010-04-16,2570.04166666667
"1933",2010-04-17,2476.33333333333
"1934",2010-04-18,2565.41666666667
"1935",2010-04-19,2602.08333333333
"1936",2010-04-20,2452.20833333333
"1937",2010-04-21,2325.70833333333
"1938",2010-04-22,2445.625
"1939",2010-04-23,2290.95833333333
"1940",2010-04-24,2418.625
"1941",2010-04-25,2599.70833333333
"1942",2010-04-26,2373.33333333333
"1943",2010-04-27,2337.29166666667
"1944",2010-04-28,2584.70833333333
"1945",2010-04-29,2635.41666666667
"1946",2010-04-30,2514.91666666667
"1947",2010-05-01,2930
"1948",2010-05-02,3738.33333333333
"1949",2010-05-03,2953.70833333333
"1950",2010-05-04,3175.04166666667
"1951",2010-05-05,3033.33333333333
"1952",2010-05-06,3243.29166666667
"1953",2010-05-07,3067.41666666667
"1954",2010-05-08,3146.66666666667
"1955",2010-05-09,2470.66666666667
"1956",2010-05-10,2465.29166666667
"1957",2010-05-11,2414
"1958",2010-05-12,2669.58333333333
"1959",2010-05-13,2399.70833333333
"1960",2010-05-14,3162.375
"1961",2010-05-15,3597.75
"1962",2010-05-16,3053.375
"1963",2010-05-17,2423.04166666667
"1964",2010-05-18,2387.25
"1965",2010-05-19,2371.66666666667
"1966",2010-05-20,2644.25
"1967",2010-05-21,2560.66666666667
"1968",2010-05-22,2702.66666666667
"1969",2010-05-23,3106.95833333333
"1970",2010-05-24,2681
"1971",2010-05-25,2750.04166666667
"1972",2010-05-26,3059.95833333333
"1973",2010-05-27,3529.66666666667
"1974",2010-05-28,3361.875
"1975",2010-05-29,3349.75
"1976",2010-05-30,3684.625
"1977",2010-05-31,3309.04166666667
"1978",2010-06-01,3359.625
"1979",2010-06-02,3519
"1980",2010-06-03,3373.375
"1981",2010-06-04,3579.41666666667
"1982",2010-06-05,4298.625
"1983",2010-06-06,4198.70833333333
"1984",2010-06-07,3144.29166666667
"1985",2010-06-08,3118.29166666667
"1986",2010-06-09,3003.95833333333
"1987",2010-06-10,4035.625
"1988",2010-06-11,3756.04166666667
"1989",2010-06-12,3767.70833333333
"1990",2010-06-13,4108.5
"1991",2010-06-14,3953.33333333333
"1992",2010-06-15,3873.375
"1993",2010-06-16,3692.08333333333
"1994",2010-06-17,3881.70833333333
"1995",2010-06-18,3666.29166666667
"1996",2010-06-19,4179.08333333333
"1997",2010-06-20,4404.95833333333
"1998",2010-06-21,4210.29166666667
"1999",2010-06-22,4403.29166666667
"2000",2010-06-23,4366.5
"2001",2010-06-24,4532.41666666667
"2002",2010-06-25,4405
"2003",2010-06-26,4763
"2004",2010-06-27,4954
"2005",2010-06-28,4817.75
"2006",2010-06-29,4280
"2007",2010-06-30,3474.375
"2008",2010-07-01,3331.66666666667
"2009",2010-07-02,3115.04166666667
"2010",2010-07-03,3306
"2011",2010-07-04,3742.625
"2012",2010-07-05,4218.29166666667
"2013",2010-07-06,4328.33333333333
"2014",2010-07-07,4586.33333333333
"2015",2010-07-08,4915.95833333333
"2016",2010-07-09,4477
"2017",2010-07-10,4335.91666666667
"2018",2010-07-11,4306.29166666667
"2019",2010-07-12,3315
"2020",2010-07-13,3629.95833333333
"2021",2010-07-14,4074.625
"2022",2010-07-15,4332.54166666667
"2023",2010-07-16,4239.125
"2024",2010-07-17,3452.375
"2025",2010-07-18,4358.375
"2026",2010-07-19,4237.95833333333
"2027",2010-07-20,4401.79166666667
"2028",2010-07-21,4399.29166666667
"2029",2010-07-22,4490.66666666667
"2030",2010-07-23,4894.29166666667
"2031",2010-07-24,5448.66666666667
"2032",2010-07-25,5483.91666666667
"2033",2010-07-26,4852.04166666667
"2034",2010-07-27,3892.33333333333
"2035",2010-07-28,4025.625
"2036",2010-07-29,4786.625
"2037",2010-07-30,4094.83333333333
"2038",2010-07-31,2882.375
"2039",2010-08-01,2734.95833333333
"2040",2010-08-02,3056.29166666667
"2041",2010-08-03,4042.25
"2042",2010-08-04,4646.29166666667
"2043",2010-08-05,4231.70833333333
"2044",2010-08-06,4128.08333333333
"2045",2010-08-07,4025.04166666667
"2046",2010-08-08,4087.95833333333
"2047",2010-08-09,4406.29166666667
"2048",2010-08-10,4543.04166666667
"2049",2010-08-11,4658.70833333333
"2050",2010-08-12,4571.91666666667
"2051",2010-08-13,4316.33333333333
"2052",2010-08-14,3923.04166666667
"2053",2010-08-15,3961.70833333333
"2054",2010-08-16,4425.29166666667
"2055",2010-08-17,4325.70833333333
"2056",2010-08-18,4145.375
"2057",2010-08-19,3186.66666666667
"2058",2010-08-20,4004.29166666667
"2059",2010-08-21,4081
"2060",2010-08-22,4204.625
"2061",2010-08-23,3939.625
"2062",2010-08-24,3316.04166666667
"2063",2010-08-25,3122.95833333333
"2064",2010-08-26,3601.95833333333
"2065",2010-08-27,3542.875
"2066",2010-08-28,4015.25
"2067",2010-08-29,4140.375
"2068",2010-08-30,4042.625
"2069",2010-08-31,3948.70833333333
"2070",2010-09-01,3952.375
"2071",2010-09-02,3915.625
"2072",2010-09-03,3921.91666666667
"2073",2010-09-04,3333.91666666667
"2074",2010-09-05,2925.58333333333
"2075",2010-09-06,3313.625
"2076",2010-09-07,3628.91666666667
"2077",2010-09-08,3135.91666666667
"2078",2010-09-09,3095
"2079",2010-09-10,2860.04166666667
"2080",2010-09-11,2782.33333333333
"2081",2010-09-12,3254.41666666667
"2082",2010-09-13,2977.66666666667
"2083",2010-09-14,3257.33333333333
"2084",2010-09-15,3391.33333333333
"2085",2010-09-16,3296.70833333333
"2086",2010-09-17,3495.66666666667
"2087",2010-09-18,3217.66666666667
"2088",2010-09-19,3477.375
"2089",2010-09-20,3580.29166666667
"2090",2010-09-21,3331.29166666667
"2091",2010-09-22,3784.95833333333
"2092",2010-09-23,3710.41666666667
"2093",2010-09-24,3624.375
"2094",2010-09-25,3616.125
"2095",2010-09-26,2831.04166666667
"2096",2010-09-27,2520
"2097",2010-09-28,2750.375
"2098",2010-09-29,2398.66666666667
"2099",2010-09-30,2609
"2100",2010-10-01,2517.70833333333
"2101",2010-10-02,2479.29166666667
"2102",2010-10-03,2551.66666666667
"2103",2010-10-04,2479.58333333333
"2104",2010-10-05,2578.29166666667
"2105",2010-10-06,2752.66666666667
"2106",2010-10-07,2652.625
"2107",2010-10-08,2514.625
"2108",2010-10-09,2721.91666666667
"2109",2010-10-10,2835.04166666667
"2110",2010-10-11,2802.33333333333
"2111",2010-10-12,2743.625
"2112",2010-10-13,2436.54166666667
"2113",2010-10-14,2462.08333333333
"2114",2010-10-15,2734.08333333333
"2115",2010-10-16,2908.70833333333
"2116",2010-10-17,2969.04166666667
"2117",2010-10-18,2631.125
"2118",2010-10-19,2537.29166666667
"2119",2010-10-20,2538
"2120",2010-10-21,2656.75
"2121",2010-10-22,2740.70833333333
"2122",2010-10-23,3089.04166666667
"2123",2010-10-24,2719
"2124",2010-10-25,2422.29166666667
"2125",2010-10-26,2481.66666666667
"2126",2010-10-27,2621.41666666667
"2127",2010-10-28,2537.625
"2128",2010-10-29,2605.58333333333
"2129",2010-10-30,3327.70833333333
"2130",2010-10-31,2952.66666666667
"2131",2010-11-01,2979.75
"2132",2010-11-02,3312.29166666667
"2133",2010-11-03,3603.91666666667
"2134",2010-11-04,3227.5
"2135",2010-11-05,3547.04166666667
"2136",2010-11-06,3808.75
"2137",2010-11-07,4477.75
"2138",2010-11-08,3837
"2139",2010-11-09,2962
"2140",2010-11-10,2971.08333333333
"2141",2010-11-11,3173.66666666667
"2142",2010-11-12,3497.33333333333
"2143",2010-11-13,3990.95833333333
"2144",2010-11-14,3713.95833333333
"2145",2010-11-15,3434.75
"2146",2010-11-16,3066
"2147",2010-11-17,2946.25
"2148",2010-11-18,3933.95833333333
"2149",2010-11-19,3798.25
"2150",2010-11-20,3551.375
"2151",2010-11-21,3545.625
"2152",2010-11-22,3207.95833333333
"2153",2010-11-23,2855.70833333333
"2154",2010-11-24,3399.625
"2155",2010-11-25,3781.375
"2156",2010-11-26,3085.95833333333
"2157",2010-11-27,4257.08333333333
"2158",2010-11-28,4818.66666666667
"2159",2010-11-29,5002.04166666667
"2160",2010-11-30,3560
"2161",2010-12-01,3499.20833333333
"2162",2010-12-02,4892.58333333333
"2163",2010-12-03,4457.95833333333
"2164",2010-12-04,5447
"2165",2010-12-05,5589.375
"2166",2010-12-06,5930.95833333333
"2167",2010-12-07,6640.29166666667
"2168",2010-12-08,6656.33333333333
"2169",2010-12-09,6322.625
"2170",2010-12-10,5746.95833333333
"2171",2010-12-11,5388.58333333333
"2172",2010-12-12,5227.66666666667
"2173",2010-12-13,6430.375
"2174",2010-12-14,7440.70833333333
"2175",2010-12-15,7124.20833333333
"2176",2010-12-16,6406.29166666667
"2177",2010-12-17,5752.375
"2178",2010-12-18,5894.95833333333
"2179",2010-12-19,5876.66666666667
"2180",2010-12-20,6125.58333333333
"2181",2010-12-21,5440.33333333333
"2182",2010-12-22,4455.66666666667
"2183",2010-12-23,5520.66666666667
"2184",2010-12-24,5658.04166666667
"2185",2010-12-25,5596.66666666667
"2186",2010-12-26,6254.33333333333
"2187",2010-12-27,6389.91666666667
"2188",2010-12-28,6090.29166666667
"2189",2010-12-29,5610.625
"2190",2010-12-30,5530.66666666667
"2191",2010-12-31,4473.58333333333
"2192",2011-01-01,3968.95833333333
"2193",2011-01-02,3736.25
"2194",2011-01-03,5477.25
"2195",2011-01-04,5529.33333333333
"2196",2011-01-05,5398.08333333333
"2197",2011-01-06,4703.75
"2198",2011-01-07,5059.04166666667
"2199",2011-01-08,6216.20833333333
"2200",2011-01-09,6966.54166666667
"2201",2011-01-10,6281.5
"2202",2011-01-11,6423.66666666667
"2203",2011-01-12,6269
"2204",2011-01-13,6205.41666666667
"2205",2011-01-14,6332.33333333333
"2206",2011-01-15,5393.33333333333
"2207",2011-01-16,5254.95833333333
"2208",2011-01-17,5649.125
"2209",2011-01-18,5196.95833333333
"2210",2011-01-19,4002.04166666667
"2211",2011-01-20,4908.75
"2212",2011-01-21,5070.91666666667
"2213",2011-01-22,6342.66666666667
"2214",2011-01-23,6053.91666666667
"2215",2011-01-24,5595.625
"2216",2011-01-25,5310.70833333333
"2217",2011-01-26,5096
"2218",2011-01-27,5206.375
"2219",2011-01-28,5082
"2220",2011-01-29,4810.70833333333
"2221",2011-01-30,3831.625
"2222",2011-01-31,4615.29166666667
"2223",2011-02-01,4502.95833333333
"2224",2011-02-02,3740
"2225",2011-02-03,5155.95833333333
"2226",2011-02-04,5073.70833333333
"2227",2011-02-05,5086.375
"2228",2011-02-06,4732.45833333333
"2229",2011-02-07,4902
"2230",2011-02-08,4705.625
"2231",2011-02-09,5654.58333333333
"2232",2011-02-10,5087.375
"2233",2011-02-11,5483.5
"2234",2011-02-12,5013.375
"2235",2011-02-13,4326.58333333333
"2236",2011-02-14,3550.54166666667
"2237",2011-02-15,3778.75
"2238",2011-02-16,3979.375
"2239",2011-02-17,3492.04166666667
"2240",2011-02-18,2625.125
"2241",2011-02-19,3099.70833333333
"2242",2011-02-20,3831.66666666667
"2243",2011-02-21,3032.375
"2244",2011-02-22,3432.70833333333
"2245",2011-02-23,4079.66666666667
"2246",2011-02-24,4593.08333333333
"2247",2011-02-25,3244.625
"2248",2011-02-26,4123.91666666667
"2249",2011-02-27,3394.91666666667
"2250",2011-02-28,2529
"2251",2011-03-01,3290.66666666667
"2252",2011-03-02,3817.125
"2253",2011-03-03,3692.95833333333
"2254",2011-03-04,3849.33333333333
"2255",2011-03-05,3213.04166666667
"2256",2011-03-06,3452.33333333333
"2257",2011-03-07,4160.375
"2258",2011-03-08,4268.70833333333
"2259",2011-03-09,4114.79166666667
"2260",2011-03-10,3300.70833333333
"2261",2011-03-11,4001
"2262",2011-03-12,3748.16666666667
"2263",2011-03-13,NA
"2264",2011-03-14,3215
"2265",2011-03-15,3895.95833333333
"2266",2011-03-16,3233.08333333333
"2267",2011-03-17,3199.125
"2268",2011-03-18,2558.66666666667
"2269",2011-03-19,2442.625
"2270",2011-03-20,2848.625
"2271",2011-03-21,2584.375
"2272",2011-03-22,2460.08333333333
"2273",2011-03-23,2331.375
"2274",2011-03-24,2601.33333333333
"2275",2011-03-25,3344.70833333333
"2276",2011-03-26,3872.70833333333
"2277",2011-03-27,4627
"2278",2011-03-28,4450.33333333333
"2279",2011-03-29,3953.91666666667
"2280",2011-03-30,4047.95833333333
"2281",2011-03-31,4027.29166666667
"2282",2011-04-01,3799.29166666667
"2283",2011-04-02,3702
"2284",2011-04-03,3486.45833333333
"2285",2011-04-04,2572.20833333333
"2286",2011-04-05,2523.29166666667
"2287",2011-04-06,3260.375
"2288",2011-04-07,2657.29166666667
"2289",2011-04-08,2382.41666666667
"2290",2011-04-09,2890.33333333333
"2291",2011-04-10,2905.29166666667
"2292",2011-04-11,2646.33333333333
"2293",2011-04-12,2461.375
"2294",2011-04-13,2492
"2295",2011-04-14,2621
"2296",2011-04-15,2439.66666666667
"2297",2011-04-16,2528.33333333333
"2298",2011-04-17,2653.33333333333
"2299",2011-04-18,2512
"2300",2011-04-19,2524.75
"2301",2011-04-20,2656
"2302",2011-04-21,2362.75
"2303",2011-04-22,2674.33333333333
"2304",2011-04-23,2761.04166666667
"2305",2011-04-24,2945.33333333333
"2306",2011-04-25,2894.79166666667
"2307",2011-04-26,2883.58333333333
"2308",2011-04-27,2888.70833333333
"2309",2011-04-28,2798.83333333333
"2310",2011-04-29,2345
"2311",2011-04-30,2578.25
"2312",2011-05-01,2498.375
"2313",2011-05-02,2695
"2314",2011-05-03,2641.95833333333
"2315",2011-05-04,2358
"2316",2011-05-05,2607.625
"2317",2011-05-06,2484.08333333333
"2318",2011-05-07,2594.625
"2319",2011-05-08,2554.625
"2320",2011-05-09,2658
"2321",2011-05-10,2619.04166666667
"2322",2011-05-11,2543.66666666667
"2323",2011-05-12,2392.33333333333
"2324",2011-05-13,2432.625
"2325",2011-05-14,2654.04166666667
"2326",2011-05-15,2762.375
"2327",2011-05-16,2453.66666666667
"2328",2011-05-17,2395.66666666667
"2329",2011-05-18,2349.875
"2330",2011-05-19,2421
"2331",2011-05-20,2525.625
"2332",2011-05-21,2955.375
"2333",2011-05-22,3450.66666666667
"2334",2011-05-23,3029.41666666667
"2335",2011-05-24,3082.70833333333
"2336",2011-05-25,3421.41666666667
"2337",2011-05-26,3664
"2338",2011-05-27,2526
"2339",2011-05-28,3154.58333333333
"2340",2011-05-29,3578.79166666667
"2341",2011-05-30,4311.375
"2342",2011-05-31,4280
"2343",2011-06-01,4504.08333333333
"2344",2011-06-02,4045.95833333333
"2345",2011-06-03,3366.66666666667
"2346",2011-06-04,3591.66666666667
"2347",2011-06-05,4086.5
"2348",2011-06-06,3991.625
"2349",2011-06-07,3884.33333333333
"2350",2011-06-08,4268.58333333333
"2351",2011-06-09,4235.75
"2352",2011-06-10,4029.58333333333
"2353",2011-06-11,3787.08333333333
"2354",2011-06-12,3588.625
"2355",2011-06-13,3578.33333333333
"2356",2011-06-14,3086.04166666667
"2357",2011-06-15,2894.79166666667
"2358",2011-06-16,3328.375
"2359",2011-06-17,3400.41666666667
"2360",2011-06-18,3576.66666666667
"2361",2011-06-19,3499.25
"2362",2011-06-20,3681.20833333333
"2363",2011-06-21,3949.41666666667
"2364",2011-06-22,3920.33333333333
"2365",2011-06-23,3332.70833333333
"2366",2011-06-24,3884.54166666667
"2367",2011-06-25,3540.70833333333
"2368",2011-06-26,3596.75
"2369",2011-06-27,4047.66666666667
"2370",2011-06-28,4181.375
"2371",2011-06-29,3910
"2372",2011-06-30,3542.08333333333
